Domain,IP,ASN,Company,Flag,Added,Details,Service Ticket,Reported to ICANN
.be,,,,Yes,2020-08-05 09:06:00.000,,,
.ch,,,,Yes,2020-08-05 09:06:00.000,,,
.co,,,,Yes,2020-08-05 09:06:00.000,,,
.cx,,,,Yes,2020-08-05 09:06:00.000,,,
.de,,,,Yes,2020-08-05 09:06:00.000,,,
.dj,,,,Yes,2020-08-05 09:06:00.000,,,
.eg,,,,Yes,2020-08-05 09:06:00.000,,,
.es,,,,Yes,2020-08-05 09:06:00.000,,,
.eu,,,,Yes,2020-08-05 09:06:00.000,,,
.fr,,,,Yes,2020-08-05 09:06:00.000,,,
.in,,,,Yes,2020-08-27 07:51:00.000,,,
.it,,,,Yes,2020-08-05 09:06:00.000,,,
.jp,,,,Yes,2020-08-05 09:06:00.000,,,
.la,,,,Yes,2020-08-05 09:06:00.000,,,
.li,,,,Yes,2020-08-05 09:06:00.000,,,
.nf,,,,Yes,2020-08-05 09:06:00.000,,,
.pink,,,,Yes,2020-08-05 09:06:00.000,,,
.re,,,,Yes,2020-08-05 09:06:00.000,,,
.ru,,,,Yes,2020-08-05 09:06:00.000,,,
.sa,,,,Yes,2020-08-05 09:06:00.000,,,
.si,,,,Yes,2020-08-05 09:06:00.000,,,
.tc,,,,Yes,2020-08-05 09:06:00.000,,,
.vn,,,,Yes,2020-09-01 08:41:00.000,,,
aim.com,,,,No,2020-08-02 20:20:00.000,,,
Alltooss.com,,,,Yes,2020-11-27 09:46:00.000,,,
altmails.com,,,,Yes,2020-08-05 09:06:00.000,,,
amentionq.com,,,,Yes,2020-08-05 09:06:00.000,,,
andsee.org,,,,Yes,2020-08-05 09:06:00.000,,,
andyes.net,,,,Yes,2020-08-05 09:06:00.000,,,
aol.com,,,,No,2020-08-03 21:23:00.000,,,
armyspy.com,,,,Yes,2020-08-05 09:06:00.000,,,
asianexus.com,,,,No,2020-12-09 09:13:00.000,,,
att.net,,,,No,2020-08-01 20:00:00.000,,,
awdrt.net,,,,Yes,2020-08-05 09:06:00.000,,,
bossemail.info,,,,Yes,2020-08-05 09:06:00.000,,,
buckeyeexpress.com,,,,No,2020-11-23 16:57:00.000,,,
calbright.org,,,,No,2020-08-17 17:13:00.000,,,
ciantel.com,,,,Yes,2020-08-05 09:06:00.000,,,
coalamails.com,,,,Yes,2020-08-05 09:06:00.000,,,
comcast.net,,,,No,2020-08-06 20:21:00.000,,,
construyendovidas.org,,,,Yes,2020-09-28 13:10:00.000,,,
dantrimble.com,,,,No,2021-01-24 08:00:00.000,,,
dayrep.com,,,,Yes,2020-08-05 09:06:00.000,,,
denomla.com,,,,Yes,2020-08-05 09:06:00.000,,,
digitaldynamiteproductions.com,,,,No,2021-01-13 15:46:00.000,,,
discardmail.com,,,,Yes,2021-04-01 15:01:00.000,,,
dsecurelyx.com,,,,Yes,2020-08-05 09:06:00.000,,,
emailnube.com,,,,Yes,2020-08-05 09:06:00.000,,,
enayu.com,,,,Yes,2020-08-05 09:06:00.000,,,
fake-box.com,,,,Yes,2020-08-05 09:06:00.000,,,
fbeaveraqb.com,,,,Yes,2020-08-05 09:06:00.000,,,
fddeutschb.com,,,,Yes,2020-08-05 09:06:00.000,,,
fpco.digital,,,,No,2020-09-07 13:58:00.000,,,
fuwamofu.com,,,,Yes,2020-08-05 09:06:00.000,,,
getnada.com,,,,Yes,2020-10-02 13:46:00.000,,,
gmail.co,,,,Yes,2020-11-27 23:11:00.000,,,
gmail.com,,,,No,2020-09-30 11:51:00.000,,,
go.sfcollege.edu,,,,No,2020-10-30 22:03:00.000,,,
golld.us,,,,Yes,2020-08-05 09:06:00.000,,,
gomaild.com,,,,yes,2020-09-09 13:34:00.000,,,
gurumail.xyz,,,,Yes,2020-10-07 23:14:00.000,,,
h3systems.com,,,,No,2020-10-29 21:21:00.000,,,
hatuli.com,,,,Yes,2020-08-05 09:06:00.000,,,
historictheology.com,,,,Yes,2021-01-10 21:34:00.000,"Subdomain of ""temporary-email-address[.]com""",,
hotmail.com,,,,No,2020-10-02 16:55:00.000,,,
hotmail.fr,,,,Yes,2020-12-09 14:07:00.000,,,
ichigo.me,,,,Yes,2020-08-05 09:06:00.000,,,
icloud.com,,,,No,2020-08-01 19:41:00.000,,,
ifchuck.com,,,,Yes,2020-08-05 09:06:00.000,,,
imail8.net,,,,Yes,2020-08-18 15:42:00.000,,,
iopmail.com,,,,Yes,2020-08-05 09:06:00.000,,,
itsnot.work,103.214.112.81,,,Yes,2020-11-06 07:18:00.000,,,
iwijn.com,,,,Yes,2020-08-05 09:06:00.000,,,
jarilusua.com,,,,Yes,2020-10-11 23:08:00.000,,,
jourrapide.com,,,,Yes,2020-08-05 09:06:00.000,,,
juzab.com,,,,Yes,2021-02-20 01:13:00.000,,,
katamo1.com,,,,Yes,2020-08-05 09:06:00.000,,,
keinmail.com,,,,yes,2020-09-09 10:34:00.000,,,
klefv6.com,,,,Yes,2020-08-05 09:06:00.000,,,
kleogb.com,,,,Yes,2020-08-05 09:06:00.000,,,
kylelaughlin.com,,,,No,2020-11-30 11:02:00.000,,,
lbcc.edu,,,,No,2020-11-29 19:35:00.000,,,
lerwfv.com,,,,Yes,2020-08-05 09:06:00.000,,,
liberiaom.com,,,,Yes,2020-08-05 09:06:00.000,,,
live.com,,,,No,2020-08-04 20:08:00.000,,,
luottin.com,,,,Yes,2020-08-05 09:06:00.000,,,
mac.com,,,,No,2020-11-23 11:43:00.000,,,
macr2.com,,,,Yes,2020-08-05 09:06:00.000,,,
mail.com,,,,No,2020-09-22 21:43:00.000,,,
mailboxt.net,,,,Yes,2020-08-05 09:06:00.000,,,
mailnd7.com,,,,Yes,2020-08-05 09:06:00.000,,,
mailop7.com,,,,Yes,2020-08-05 09:06:00.000,,,
mailsac.com,,,,yes,2020-09-10 06:54:00.000,,,
me.com,,,,No,2020-09-04 19:58:00.000,,,
minisites.me,,,,No,2021-01-21 05:34:00.000,,,
moviepo.us,,,,Yes,2020-08-05 09:06:00.000,,,
msn.com,,,,No,2020-08-05 11:47:00.000,,,
multiservices3.com,,,,Yes,2020-11-06 15:45:00.000,,,
navmail.org,,,,Yes,2020-08-05 09:06:00.000,,,
neko2.net,,,,Yes,2020-08-05 09:06:00.000,,,
oallenlj.com,,,,Yes,2020-08-05 09:06:00.000,,,
opentrash.com,,,,Yes,2020-08-05 09:06:00.000,,,
outlook.com,,,,No,2020-10-05 23:56:00.000,,,
outlook.com.vn,,,,Yes,2020-09-01 08:42:00.000,,,
outree.org,,,,Yes,2020-08-23 05:14:00.000,,,
panchoalts.com,,,,Yes,2020-10-11 05:15:00.000,,,
parentsxke.com,198.199.110.115,14061,Digital Ocean,Yes,2020-08-05 09:06:00.000,,,
prekab.net,,,,Yes,2020-10-26 07:35:00.000,,,
privateme.site,,,,Yes,2020-08-05 09:06:00.000,,,
protonmail.com,,,,Yes,2020-08-20 07:50:00.000,,,
psnator.com,,,,No,2021-01-14 04:18:00.000,,,
qq.com,,,,Yes,2020-08-05 09:06:00.000,,,
quottlymail.com,,,,No,2020-12-25 20:39:00.000,,,
re-gister.com,,,,Yes,2020-08-05 09:06:00.000,,,
rediffmail.com,,,,Yes,2020-08-05 09:06:00.000,,,
rhyta.com,,,,Yes,2020-08-05 09:06:00.000,,,
rocketmail.com,,,,No,2021-01-10 07:48:00.000,,,
rrasianp.com,,,,Yes,2020-08-05 09:06:00.000,,,
sage.speedfocus.biz,,,,Yes,2020-12-04 04:56:00.000,,,
sbcglobal.net,,,,No,2020-09-15 23:48:00.000,,,
scoreek.com,,,,Yes,2020-10-14 09:10:00.000,,,
shrewsberry.org,,,,No,2021-02-27 13:46:00.000,,,
sika3.com,,,,Yes,2020-08-05 09:06:00.000,,,
startmail.com,,,,Yes,2020-08-07 01:21:00.000,,,
STUDENT.CITRUSCOLLEGE.EDU,,,,No,2020-12-21 14:41:00.000,,,
student.laccd.edu,,,,Yes,2020-12-05 09:26:00.000,,,
sudomail.com,,,,Yes,2021-03-12 11:27:00.000,,,
sweatmail.com,,,,Yes,2020-08-05 09:06:00.000,,,
tantennajz.com,,,,Yes,2020-08-05 09:06:00.000,,,
tegres24.com,,,,Yes,2020-08-05 09:06:00.000,,,
telewm.us,,,,Yes,2020-08-05 09:06:00.000,,,
teleworm.us,,,,Yes,2020-12-17 09:24:00.000,,,
temp-mail.org,,,,Yes,2020-08-05 09:06:00.000,,,
tempr.email,,,,Yes,2020-08-05 09:06:00.000,,,
thefowlers.org,,,,No,2020-08-27 11:44:00.000,,,
tmajre.com,,,,Yes,2020-08-05 09:06:00.000,,,
tonmails.com,,,,Yes,2020-08-07 03:06:00.000,,,
topmail1.net,,,,Yes,,,,
trash-mail.com,,,,Yes,2020-08-05 09:06:00.000,,,
trash-me.com,,,,Yes,2020-08-05 09:06:00.000,,,
tutanota.com,,,,No,2021-01-05 18:09:00.000,,,
upcmaill.com,,,,Yes,2020-08-05 09:06:00.000,,,
usa.com,,,,Yes,2020-08-05 09:06:00.000,,,
usako.net,,,,Yes,2020-08-05 09:06:00.000,,,
uuluu.net,,,,Yes,2020-08-05 09:06:00.000,,,
vcccd.edu,,,,No,2020-10-24 17:18:00.000,,,
vxmail.top,,,,Yes,,,,
walnutcreeksd.org,,,,No,2021-01-07 10:28:00.000,,,
whmailtop.com,,,,Yes,2020-08-05 09:06:00.000,,,
wilkinson.biz,,,,Yes,2020-08-05 09:06:00.000,,,
yahoo.com,,,,No,2020-10-08 22:42:00.000,,,
yamails.net,,,,Yes,2020-10-26 07:38:00.000,,,
yandex.com,,,,Yes,2020-08-05 09:06:00.000,,,
ymail.com,,,,yes,2020-11-12 13:38:00.000,,,
yopmail.com,,,,Yes,2020-08-05 09:06:00.000,,,
yopmail.net,,,,Yes,2020-08-05 09:06:00.000,,,
you-spam.com,,,,Yes,2020-08-05 09:06:00.000,,,
yuoia.com,,,,Yes,2020-08-05 09:06:00.000,,,
zik2zik.com,,,,Yes,2020-10-26 07:38:00.000,,,
zkeiw.com,,,,Yes,2020-08-05 09:06:00.000,,,
zoho.com,,,,Yes,2020-08-05 09:06:00.000,,,
zyyberrys.com,,,,Yes,2020-08-05 09:06:00.000,,,
gdcreative.com,,,,No,2021-03-16 11:48:00.000,,,
xmlrhands.com,,,,No,2021-04-20 13:47:00.000,,,
peralta.edu,,,,No,2021-05-17 10:10:00.000,,,
san.rr.com,,,,No,2021-05-17 10:10:00.000,,,
dec123.com,,,,No,2021-05-17 10:10:00.000,,,
haighthouse.com,,,,No,2021-05-17 10:10:00.000,,,
shawnebell.com,,,,No,2021-05-23 15:01:00.000,,,
givmail.com,,,,No,2021-05-29 01:10:00.000,,,
uci.edu,,,,No,2021-06-02 13:12:00.000,,,
swccd.edu,,,,No,2021-06-17 06:36:00.000,,,
mail.tdc.edu.vn,,,,No,2021-06-20 14:26:00.000,,,
csub.edu,,,,No,2021-06-21 10:19:00.000,,,
my.smccd.edu,,,,No,2021-07-12 21:14:00.000,,,
calbrightcollege.org,,,,No,2021-07-16 11:46:00.000,,,
flipssl.com,,,,No,2021-08-03 05:12:00.000,,,
usc.edu,,,,No,2021-08-17 18:43:00.000,,,
earthlink.net,,,,No,2021-08-29 11:09:00.000,,,
tulanealumni.net,,,,No,2021-09-04 19:06:00.000,,,
bbmedicalsurgical.com,,,,No,2021-09-04 20:54:00.000,,,
sldigitalgoods.com,,,,No,2021-09-06 05:18:00.000,,,
verizon.net,,,,No,2021-09-25 11:35:00.000,,,
dji.com,,,,No,2021-10-01 09:17:00.000,,,
ucsc.edu,,,,No,2021-10-03 13:35:00.000,,,
veteran.me,,,,No,2021-10-05 13:20:00.000,,,
oemmeo.com,,,,No,2021-10-06 07:30:00.000,,,
mamao.com,,,,No,2021-10-06 11:10:00.000,,,
dineseaside.com,,,,No,2021-10-06 13:32:00.000,,,
mail.ccsf.edu,,,,No,2021-10-06 15:30:00.000,,,
h1ghway.com,,,,No,2021-10-08 14:35:00.000,,,
juno.com,,,,No,2021-10-09 20:17:00.000,,,
universalchangemakersl3c.community,,,,No,2021-10-13 17:57:00.000,,,
charter.net,,,,No,2021-10-20 13:44:00.000,,,
quickssi.com,,,,No,2021-10-22 16:24:00.000,,,
sentiero.org,,,,No,2021-10-26 12:15:00.000,,,
asymbot.com,,,,No,2021-11-01 17:36:00.000,,,
cox.net,,,,No,2021-11-01 22:13:00.000,,,
fiu.edu,,,,No,2021-11-02 09:53:00.000,,,
sunburst.school,,,,No,2021-11-03 11:33:00.000,,,
gcccd.edu,,,,No,2021-11-04 09:30:00.000,,,
avc.edu,,,,No,2021-11-04 16:33:00.000,,,
icloud.net,,,,No,2021-11-05 19:40:00.000,,,
csu.fullerton.edu,,,,No,2021-11-05 20:03:00.000,,,
edd.ca.gov,,,,No,2021-11-05 21:59:00.000,,,
student.butte.edu,,,,No,2021-11-10 07:40:00.000,,,
snhu.edu,,,,No,2021-11-10 23:51:00.000,,,
aoffs.com,,,,No,2021-11-12 13:37:00.000,,,
mtvstaff.net,,,,No,2021-11-14 16:51:00.000,,,
yahoo.com.hk,,,,No,2021-11-15 23:31:00.000,,,
hotmail.es,,,,No,2021-11-16 20:39:00.000,,,
thornenterprise.com,,,,No,2021-11-25 20:44:00.000,,,
berkeley.edu,,,,No,2021-11-28 10:24:00.000,,,
zoey.us,,,,No,2021-12-03 21:33:00.000,,,
csumb.edu,,,,No,2021-12-12 22:21:00.000,,,
gmail.net,,,,No,2021-12-18 23:38:00.000,,,
privcryption.com,,,,No,2021-12-19 15:46:00.000,,,
benjow.com,,,,No,2021-12-23 15:34:00.000,,,
puc.edu,,,,No,2022-01-04 16:17:00.000,,,
my.csun.edu,,,,No,2022-01-10 20:24:00.000,,,
scottnet.co,,,,No,2022-01-13 13:54:00.000,,,
lanefurniture.com,,,,No,2022-01-14 09:25:00.000,,,
gmx.com,,,,No,2022-01-16 15:35:00.000,,,
sandi.net,,,,No,2022-01-19 10:04:00.000,,,
pacbell.net,,,,No,2022-01-28 12:48:00.000,,,
confire.org,,,,No,2022-02-05 05:38:00.000,,,
michelecmartinez.com,,,,No,2022-02-05 17:42:00.000,,,
masters.edu,,,,No,2022-02-07 17:05:00.000,,,
roadrunner.com,,,,No,2022-02-15 10:31:00.000,,,
callutheran.edu,,,,No,2022-02-15 11:04:00.000,,,
theedfund.org,,,,No,2022-02-16 16:17:00.000,,,
campus.mccd.edu,,,,No,2022-02-20 18:01:00.000,,,
timthai.com,,,,No,2022-02-27 22:20:00.000,,,
naver.com,,,,No,2022-02-28 20:32:00.000,,,
student.vvc.edu,,,,No,2022-03-07 17:31:00.000,,,
linfords.com,,,,No,2022-03-11 14:40:00.000,,,
usfca.edu,,,,No,2022-03-25 23:01:00.000,,,
my.yosemite.edu,,,,No,2022-03-29 10:45:00.000,,,
kp.org,,,,No,2022-04-13 13:09:00.000,,,
sbcc.edu,,,,No,2022-04-23 10:40:00.000,,,
writeme.com,,,,No,2022-05-09 13:20:00.000,,,
technovatic.com,,,,No,2022-05-09 13:20:00.000,,,
mmchr.com,,,,No,2022-05-12 10:51:00.000,,,
candassociates.com,,,,No,2022-05-12 20:01:00.000,,,
cerudolph.com,,,,No,2022-05-13 14:32:00.000,,,
alamedahealthsystem.org,,,,No,2022-05-19 02:38:00.000,,,
asu.edu,,,,No,2022-05-19 13:14:00.000,,,
fivekeys.org,,,,No,2022-05-30 14:28:00.000,,,
unhooked.co.uk,,,,No,2022-06-07 06:58:00.000,,,
osi.ca.gov,,,,No,2022-06-13 12:45:00.000,,,
prodigy.net,,,,No,2022-06-14 01:45:00.000,,,
hotmail.co.uk,,,,No,2022-06-14 07:59:00.000,,,
simplelogin.co,,,,No,2022-06-14 15:40:00.000,,,
pm.me,,,,No,2022-06-18 18:01:00.000,,,
surewest.net,,,,No,2022-06-20 13:54:00.000,,,
burtronics.com,,,,No,2022-06-21 18:18:00.000,,,
ccmail.uk,,,,No,2022-06-23 04:50:00.000,,,
tapi.re,,,,No,2022-06-23 06:53:00.000,,,
knowledgemd.com,,,,No,2022-06-23 23:27:00.000,,,
losmedanos.edu,,,,No,2022-06-25 10:01:00.000,,,
desis.live,,,,No,2022-06-28 11:16:00.000,,,
rydetrans.com,,,,No,2022-06-29 12:13:00.000,,,
apps.losrios.edu,,,,No,2022-06-29 17:31:00.000,,,
americanbackflow.com,,,,No,2022-06-29 17:41:00.000,,,
sa.ucsb.edu,,,,No,2022-07-01 13:28:00.000,,,
email.bakersfieldcollege.edu,,,,No,2022-07-02 13:57:00.000,,,
solacegraphics.com,,,,No,2022-07-03 11:15:00.000,,,
danielrobertkelly.com,,,,No,2022-07-11 20:02:00.000,,,
yahoo.co.jp,,,,No,2022-07-13 20:34:00.000,,,
plusmacs.com,,,,No,2022-07-14 16:02:00.000,,,
sacsewer.com,,,,No,2022-07-14 20:10:00.000,,,
collector.org,,,,No,2022-07-16 09:48:00.000,,,
nexbenefit.com,,,,No,2022-07-19 15:23:00.000,,,
student.mtsac.edu,,,,No,2022-07-20 16:21:00.000,,,
stumorris.com,,,,No,2022-07-21 16:15:00.000,,,
face-doctor.com,,,,No,2022-07-22 06:30:00.000,,,
apacla.com,,,,No,2022-07-23 11:31:00.000,,,
gmail.con,,,,No,2022-07-26 11:55:00.000,,,
qbmedical.com,,,,No,2022-07-27 10:12:00.000,,,
slsja.org,,,,No,2022-07-31 05:35:00.000,,,
outlook.de,,,,No,2022-08-02 19:59:00.000,,,
live.jp,,,,No,2022-08-03 00:38:00.000,,,
proton.me,,,,No,2022-08-06 12:49:00.000,,,
totallykids.com,,,,No,2022-08-08 13:58:00.000,,,
solarunion.com,,,,No,2022-08-09 04:08:00.000,,,
arrowvasolutions.com,,,,No,2022-08-09 12:10:00.000,,,
duck.com,,,,No,2022-08-09 16:32:00.000,,,
laverne.edu,,,,No,2022-08-10 13:55:00.000,,,
aspirepublicschools.org,,,,No,2022-08-12 21:49:00.000,,,
st.ug.edu.gh,,,,No,2022-08-15 08:47:00.000,,,
meigs.co.uk,,,,No,2022-08-15 14:28:00.000,,,
dusd.net,,,,No,2022-08-15 18:04:00.000,,,
hey.com,,,,No,2022-08-16 23:38:00.000,,,
reinsurancenet.com,,,,No,2022-08-18 13:40:00.000,,,
ucr.edu,,,,No,2022-08-18 19:51:00.000,,,
upr.edu,,,,No,2022-08-28 20:30:00.000,,,
yellen.co,,,,No,2022-08-29 12:57:00.000,,,
ucdavis.edu,,,,No,2022-09-02 23:08:00.000,,,
norcal.aaa.com,,,,No,2022-09-12 11:14:00.000,,,
dgs.ca.gov,,,,No,2022-09-27 15:26:00.000,,,
artcmr.com,,,,No,2022-09-28 14:24:00.000,,,
johnvicencio.com,,,,No,2022-10-07 11:13:00.000,,,
ucsd.edu,,,,No,2022-10-14 00:21:00.000,,,
cdcr.ca.gov,,,,No,2022-10-21 08:17:00.000,,,
freedombranding.com,,,,No,2022-10-22 17:18:00.000,,,
email.com,,,,No,2022-10-24 14:00:00.000,,,
googlemail.com,,,,No,2022-10-24 21:17:00.000,,,
sweetbyholly.com,,,,No,2022-10-25 08:16:00.000,,,
lplfinancial.com,,,,No,2022-10-25 16:08:00.000,,,
llu.edu,,,,No,2022-10-26 20:44:00.000,,,
cepheid.com,,,,No,2022-10-28 13:32:00.000,,,
holderusa.com,,,,No,2022-10-28 15:26:00.000,,,
naturaldividends.org,,,,No,2022-10-29 20:23:00.000,,,
humboldt.edu,,,,No,2022-11-02 12:44:00.000,,,
g.ucla.edu,,,,No,2022-11-02 16:32:00.000,,,
muroc.k12.ca.us,,,,No,2022-11-10 20:51:00.000,,,
intercoms.net,,,,No,2022-11-12 19:24:00.000,,,
yahoomail.com,,,,No,2022-11-17 14:02:00.000,,,
aliyun.com,,,,No,2022-11-17 15:51:00.000,,,
yahoo.fr,,,,No,2022-11-18 05:15:00.000,,,
gamil.com,,,,No,2022-11-20 02:19:00.000,,,
mail.ee,,,,No,2022-11-22 10:14:00.000,,,
apu.edu,,,,No,2022-11-24 23:18:00.000,,,
tgillian.com,,,,No,2022-11-25 16:35:00.000,,,
univoip.com,,,,No,2022-11-28 11:45:00.000,,,
my.scccd.edu,,,,No,2022-11-28 12:14:00.000,,,
lincolnucasf.edu,,,,No,2022-11-28 23:07:00.000,,,
sjsu.edu,,,,No,2022-11-29 00:59:00.000,,,
mailbox.org,,,,No,2022-11-29 07:53:00.000,,,
mail.fresnostate.edu,,,,No,2022-11-29 09:06:00.000,,,
mail.con,,,,No,2022-12-03 14:48:00.000,,,
nathanyeung.com,,,,No,2022-12-03 21:49:00.000,,,
phd.sccgov.org,,,,No,2022-12-04 09:20:00.000,,,
uw.edu,,,,No,2022-12-04 15:58:00.000,,,
yahoo.co.uk,,,,No,2022-12-08 15:49:00.000,,,
seinc.com,,,,No,2022-12-12 16:08:00.000,,,
go.yccd.edu,,,,No,2022-12-17 05:50:00.000,,,
sonic.net,,,,No,2022-12-20 16:06:00.000,,,
richardchsu.com,,,,No,2023-01-01 08:22:00.000,,,
lasierra.edu,,,,No,2023-01-04 14:21:00.000,,,
ppnorcal.org,,,,No,2023-01-05 14:48:00.000,,,
musician.org,,,,No,2023-01-06 01:49:00.000,,,
labretore.com,,,,No,2023-01-06 09:04:00.000,,,
theimaginationengineer.com,,,,No,2023-01-06 10:35:00.000,,,
mitrafamily.us,,,,No,2023-01-09 13:05:00.000,,,
twc.com,,,,No,2023-01-09 16:23:00.000,,,
tlht.us,,,,No,2023-01-09 17:25:00.000,,,
insite.4cd.edu,,,,No,2023-01-17 19:51:00.000,,,
yahoo.es,,,,No,2023-01-23 12:16:00.000,,,
sfsu.edu,,,,No,2023-01-28 14:02:00.000,,,
umich.edu,,,,No,2023-01-30 18:22:00.000,,,
sausd.us,,,,No,2023-01-31 17:20:00.000,,,
mail.usf.edu,,,,No,2023-02-02 13:55:00.000,,,
fitnyc.edu,,,,No,2023-02-03 19:00:00.000,,,
bitwiseindustries.com,,,,No,2023-02-08 16:23:00.000,,,
myyahoo.com,,,,No,2023-02-10 17:24:00.000,,,
techie.com,,,,No,2023-02-10 23:00:00.000,,,
emulawsome.info,,,,No,2023-02-11 14:00:00.000,,,
zohomail.com,,,,No,2023-02-13 12:46:00.000,,,
thewaybacksd.org,,,,No,2023-02-13 15:43:00.000,,,
childrensinstitute.org,,,,No,2023-02-14 10:34:00.000,,,
stu.mylusd.org,,,,No,2023-02-14 12:03:00.000,,,
ohio.edu,,,,No,2023-02-15 17:37:00.000,,,
emuhsd.org,,,,No,2023-02-16 08:57:00.000,,,
sandiego.edu,,,,No,2023-02-20 15:01:00.000,,,
lausd.net,,,,No,2023-02-27 10:21:00.000,,,
craftonhills.edu,,,,No,2023-02-27 13:33:00.000,,,
yahoo.com.tw,,,,No,2023-02-27 13:57:00.000,,,
cougars.csusm.edu,,,,No,2023-03-06 13:37:00.000,,,
cpp.edu,,,,No,2023-03-07 10:43:00.000,,,
omm.com,,,,No,2023-03-08 19:03:00.000,,,
cccco.edu,,,,No,2023-03-10 16:49:00.000,,,
students.deltacollege.edu,,,,No,2023-03-13 15:46:00.000,,,
callingmarijane.com,,,,No,2023-03-14 23:45:00.000,,,
jreiter.org,,,,No,2023-03-21 16:13:00.000,,,
madecreates.com,,,,No,2023-03-30 17:02:00.000,,,
workmail.com,,,,No,2023-03-31 23:51:00.000,,,
strategicdynamicsllc.com,,,,No,2023-04-03 08:54:00.000,,,
21stce.com,,,,No,2023-04-06 02:21:00.000,,,
noce.edu,,,,No,2023-04-06 10:55:00.000,,,
vsolvit.com,,,,No,2023-04-07 11:16:00.000,,,
jasonkelly.net,,,,No,2023-04-09 17:56:00.000,,,
mailfence.com,,,,No,2023-04-10 07:24:00.000,,,
careindeed.com,,,,No,2023-04-10 10:27:00.000,,,
chaffey.edu,,,,No,2023-04-11 10:39:00.000,,,
matthew-salerno.com,,,,No,2023-04-15 09:15:00.000,,,
yahoo.ca,,,,No,2023-04-17 10:39:00.000,,,
godoy.cc,,,,No,2023-04-17 12:17:00.000,,,
wescom.org,,,,No,2023-04-19 13:44:00.000,,,
berkeleycap.com,,,,No,2023-04-21 15:04:00.000,,,
prografx.com,,,,No,2023-04-24 14:48:00.000,,,
lotztechnology.com,,,,No,2023-04-24 20:47:00.000,,,
students.solano.edu,,,,No,2023-04-25 12:22:00.000,,,
paradigmmethod.com,,,,No,2023-04-26 10:13:00.000,,,
student.hccts.org,,,,No,2023-04-28 10:03:00.000,,,
stanfordschools.org,,,,No,2023-04-28 14:48:00.000,,,
cdg.io,,,,No,2023-04-28 21:50:00.000,,,
tjsl.edu,,,,No,2023-04-30 20:47:00.000,,,
palomar.edu,,,,No,2023-05-01 12:52:00.000,,,
live.de,,,,No,2023-05-01 20:07:00.000,,,
sedgwick.com,,,,No,2023-05-09 07:21:00.000,,,
urbanexcellence.net,,,,No,2023-05-10 06:33:00.000,,,
calpoly.edu,,,,No,2023-05-10 11:35:00.000,,,
wnco.com,,,,No,2023-05-11 17:29:00.000,,,
live.fr,,,,No,2023-05-11 18:50:00.000,,,
alumni.usc.edu,,,,No,2023-05-12 07:24:00.000,,,
pkhomes.com,,,,No,2023-05-12 12:48:00.000,,,
giant.cos.edu,,,,No,2023-05-17 16:19:00.000,,,
ucsb.edu,,,,No,2023-05-19 20:48:00.000,,,
zippyrsa.com,,,,No,2023-05-20 18:33:00.000,,,
chancetalent.com,,,,No,2023-05-24 16:13:00.000,,,
bop.gov,,,,No,2023-05-28 10:17:00.000,,,
